,NA
1,RED HANGING HEART T-LIGHT HOLDER,STRAWBERRY CERAMIC TRINKET BOX,MINI CAKE STAND WITH HANGING CAKES,CERAMIC CAKE DESIGN SPOTTED MUG,BIG DOUGHNUT FRIDGE MAGNETS,VINTAGE CREAM DOG FOOD CONTAINER,JAM MAKING SET PRINTED,HOMEMADE JAM SCENTED CANDLES
2,CERAMIC BOWL WITH STRAWBERRY DESIGN,IVORY KITCHEN SCALES,BLACK KITCHEN SCALES,VINTAGE CREAM CAT FOOD CONTAINER,VICTORIAN GLASS HANGING T-LIGHT,CERAMIC CAKE BOWL + HANGING CAKES,GINGHAM BABUSHKA DOORSTOP,LARGE HEART MEASURING SPOONS,CABIN BAG VINTAGE PAISLEY,WHITE HAND TOWEL WITH BUTTERFLY,HAND TOWEL PINK FLOWER AND DAISY,METAL SIGN CUPCAKE SINGLE HOOK,SET 3 WICKER STORAGE BASKETS ,SET 3 WICKER OVAL BASKETS W LIDS,SMALL PINK GLASS SUNDAE DISH,LARGE PINK GLASS SUNDAE DISH,LARGE CAKE TOWEL PINK SPOTS,SET OF 3 CAKE TINS PANTRY DESIGN ,SET OF 6 SPICE TINS PANTRY DESIGN,RECIPE BOX PANTRY YELLOW DESIGN,JAM MAKING SET PRINTED,HOMEMADE JAM SCENTED CANDLES,CERAMIC STRAWBERRY CAKE MONEY BANK,3 HOOK PHOTO SHELF ANTIQUE WHITE,STRAWBERRY CERAMIC TRINKET BOX
3,SET OF 3 CAKE TINS PANTRY DESIGN ,SET OF 6 SPICE TINS PANTRY DESIGN,METAL 4 HOOK HANGER FRENCH CHATEAU,VINTAGE CREAM CAT FOOD CONTAINER,FAMILY ALBUM WHITE PICTURE FRAME,DOORMAT HOME SWEET HOME BLUE ,LUNCH BAG WOODLAND,STRAWBERRY CERAMIC TRINKET BOX,SET 2 PANTRY DESIGN TEA TOWELS
4,RED TEA TOWEL CLASSIC DESIGN,POTTING SHED TEA MUG,POTTING SHED TWINE,SINGLE HEART ZINC T-LIGHT HOLDER,ZINC WILLIE WINKIE  CANDLE STICK,HOT BATHS METAL SIGN,KITCHEN METAL SIGN,20 DOLLY PEGS RETROSPOT,SET OF 3 HEART COOKIE CUTTERS,SET OF 3 BUTTERFLY COOKIE CUTTERS,SET OF 3 NOTEBOOKS IN PARCEL,PINK BABY BUNTING,BLACK HEART CARD HOLDER,HOME GARLAND PAINTED ZINC ,HERB MARKER BASIL,HERB MARKER PARSLEY,PINK PARTY BAGS,BLUE TEA TOWEL CLASSIC DESIGN,EMPIRE DESIGN ROSETTE
5,SET OF 4 PANTRY JELLY MOULDS,RECIPE BOX PANTRY YELLOW DESIGN,STRAWBERRY CERAMIC TRINKET BOX,CERAMIC PLATE STRAWBERRY DESIGN,CERAMIC STRAWBERRY DESIGN MUG,LARGE CAKE STAND  HANGING STRAWBERY,CERAMIC CAKE BOWL + HANGING CAKES,CERAMIC CAKE DESIGN SPOTTED MUG,BLACK KITCHEN SCALES
6,PANTRY ROLLING PIN,PANTRY WASHING UP BRUSH,STRAWBERRY FAIRY CAKE TEAPOT,FELT TOADSTOOL LARGE,FELT TOADSTOOL  SMALL,FELT FARM ANIMAL WHITE BUNNY ,BIRD DECORATION RED RETROSPOT,BIRD DECORATION GREEN POLKADOT,CERAMIC STRAWBERRY CAKE MONEY BANK,STRAWBERRY CERAMIC TRINKET BOX,MINI CAKE STAND WITH HANGING CAKES,CERAMIC CAKE DESIGN SPOTTED PLATE,CERAMIC CAKE BOWL + HANGING CAKES,CERAMIC CAKE DESIGN SPOTTED MUG,CERAMIC CAKE STAND + HANGING CAKES,TEA TIME OVEN GLOVE,CERAMIC STRAWBERRY DESIGN MUG,MINI CAKE STAND  HANGING STRAWBERY,LARGE CAKE STAND  HANGING STRAWBERY,CERAMIC BOWL WITH STRAWBERRY DESIGN,LARGE HEART MEASURING SPOONS,VINTAGE CREAM DOG FOOD CONTAINER,VINTAGE CREAM CAT FOOD CONTAINER,DOORMAT HOME SWEET HOME BLUE ,HOMEMADE JAM SCENTED CANDLES
7,LARGE CHINESE STYLE SCISSOR,SMALL CHINESE STYLE SCISSOR,BIRDHOUSE GARDEN MARKER ,FRENCH BLUE METAL DOOR SIGN 9,FRENCH BLUE METAL DOOR SIGN No,FRENCH GARDEN SIGN BLUE METAL,FRENCH LAUNDRY SIGN BLUE METAL,PANTRY PASTRY BRUSH,SET OF 6 SPICE TINS PANTRY DESIGN,RED RETROSPOT SHOPPER BAG,SET 3 RETROSPOT TEA,COFFEE,SUGAR
8,DOORMAT HOME SWEET HOME BLUE ,MINIATURE ANTIQUE ROSE HOOK IVORY,SET OF 4 PANTRY JELLY MOULDS,JAM MAKING SET PRINTED,FOOD COVER WITH BEADS SET 2 ,JUMBO BAG WOODLAND ANIMALS,JUMBO BAG PINK VINTAGE PAISLEY,PLASTERS IN TIN WOODLAND ANIMALS,PLASTERS IN TIN VINTAGE PAISLEY ,PLASTERS IN TIN SKULLS,PINK FAIRY CAKE CHILDRENS APRON,SET OF 10 LED DOLLY LIGHTS,METAL 4 HOOK HANGER FRENCH CHATEAU,OVERNIGHT BAG VINTAGE ROSE PAISLEY,LARGE CAKE STAND  HANGING STRAWBERY,CERAMIC CAKE STAND + HANGING CAKES,PACK OF 20 NAPKINS PANTRY DESIGN,IVORY KITCHEN SCALES,MINT KITCHEN SCALES,RED KITCHEN SCALES,PANTRY WASHING UP BRUSH,SWEETHEART RECIPE BOOK STAND,PHOTO FRAME 3 CLASSIC HANGING,PARISIENNE KEY CABINET ,FAMILY ALBUM WHITE PICTURE FRAME,PICTURE FRAME WOOD TRIPLE PORTRAIT,3 HOOK PHOTO SHELF ANTIQUE WHITE
9,EDWARDIAN PARASOL BLACK,EDWARDIAN PARASOL NATURAL,BAKING SET SPACEBOY DESIGN,BAKING SET 9 PIECE RETROSPOT ,POPPY'S PLAYHOUSE BEDROOM ,POPPY'S PLAYHOUSE KITCHEN,POPPY'S PLAYHOUSE LIVINGROOM ,S/6 WOODEN SKITTLES IN COTTON BAG,TRADITIONAL WOODEN SKIPPING ROPE,POTTING SHED TWINE,JAM MAKING SET WITH JARS,JAM MAKING SET PRINTED,JAM JAR WITH PINK LID,JAM JAR WITH GREEN LID,PANTRY SCRUBBING BRUSH,PANTRY WASHING UP BRUSH,SET OF 16 VINTAGE ROSE CUTLERY,SET OF 16 VINTAGE SKY BLUE CUTLERY,SET OF 16 VINTAGE PISTACHIO CUTLERY,BOX OF 6 ASSORTED COLOUR TEASPOONS,POTTING SHED TEA MUG,CHERRY BLOSSOM DECORATIVE FLASK,SMALL CHINESE STYLE SCISSOR,LARGE CHINESE STYLE SCISSOR,OFFICE MUG WARMER POLKADOT,LARGE CERAMIC TOP STORAGE JAR,MEDIUM CERAMIC TOP STORAGE JAR,SMALL CERAMIC TOP STORAGE JAR ,SET OF 6 SPICE TINS PANTRY DESIGN,SET OF 4 PANTRY JELLY MOULDS,POSTAGE
10,SET OF 10 LED DOLLY LIGHTS
11,STRIPEY CHOCOLATE NESTING BOXES,SET/4 WHITE RETRO STORAGE CUBES ,POTTING SHED TWINE,TRAVEL SEWING KIT,JAM MAKING SET WITH JARS,GUMBALL MAGAZINE RACK,IVORY DINER WALL CLOCK,GUMBALL COAT RACK,OPEN CLOSED METAL SIGN,JAM JAR WITH PINK LID,VINTAGE CREAM CAT FOOD CONTAINER,RECIPE BOX PANTRY YELLOW DESIGN,LARGE CHINESE STYLE SCISSOR,POSTAGE,SET OF TEA COFFEE SUGAR TINS PANTRY
12,SOAP DISH BROCANTE,SINGLE HEART ZINC T-LIGHT HOLDER,20 DOLLY PEGS RETROSPOT,RECIPE BOX PANTRY YELLOW DESIGN,RED RETROSPOT OVEN GLOVE ,TEA TIME OVEN GLOVE,SET OF TEA COFFEE SUGAR TINS PANTRY,PENCIL CASE LIFE IS BEAUTIFUL,FRENCH PAISLEY CUSHION COVER ,LARGE CHINESE STYLE SCISSOR,SMALL CHINESE STYLE SCISSOR,HEART OF WICKER SMALL,CUPBOARD 3 DRAWER MA CAMPAGNE,FRENCH KITCHEN SIGN BLUE METAL,FRENCH BATHROOM SIGN BLUE METAL,WHITE WOOD GARDEN PLANT LADDER
13,PANTRY MAGNETIC  SHOPPING LIST,SET OF TEA COFFEE SUGAR TINS PANTRY,SET OF 4 KNICK KNACK TINS DOILEY ,EDWARDIAN PARASOL NATURAL,EDWARDIAN PARASOL BLACK,JAM MAKING SET WITH JARS,SET 2 PANTRY DESIGN TEA TOWELS,SET OF 3 CAKE TINS PANTRY DESIGN ,PANTRY WASHING UP BRUSH,RECYCLED ACAPULCO MAT BLUE,SET OF 16 VINTAGE SKY BLUE CUTLERY,SMALL CHINESE STYLE SCISSOR,LARGE CHINESE STYLE SCISSOR,15CM CHRISTMAS GLASS BALL 20 LIGHTS,MEDIUM CERAMIC TOP STORAGE JAR,POSTAGE
14,ALARM CLOCK BAKELIKE PINK,MINT KITCHEN SCALES,IVORY KITCHEN SCALES,CHERRY BLOSSOM  DECORATIVE FLASK,4 TRADITIONAL SPINNING TOPS,RECYCLED ACAPULCO MAT TURQUOISE,RECYCLED ACAPULCO MAT PINK,BOX OF VINTAGE ALPHABET BLOCKS,SET OF 4 KNICK KNACK TINS DOILEY ,SET OF 4 KNICK KNACK TINS LONDON ,CHILDRENS APRON APPLES DESIGN,ALARM CLOCK BAKELIKE GREEN,WRAP SUKI AND FRIENDS,WRAP DOILEY DESIGN,WRAP I LOVE LONDON 
15,RABBIT NIGHT LIGHT,POSTAGE
16,ZINC FOLKART SLEIGH BELLS,SET OF 3 WOODEN HEART DECORATIONS,SET OF 3 WOODEN SLEIGH DECORATIONS,SET OF 3 WOODEN TREE DECORATIONS,SET OF 3 WOODEN STOCKING DECORATION,FRENCH STYLE EMBOSSED HEART CABINET,CHEST 7 DRAWER MA CAMPAGNE,PANTRY MAGNETIC  SHOPPING LIST,LARGE CHINESE STYLE SCISSOR,ZINC T-LIGHT HOLDER STAR LARGE,6 RIBBONS RUSTIC CHARM,20 DOLLY PEGS RETROSPOT,ENAMEL PINK COFFEE CONTAINER,HOME GARLAND PAINTED ZINC ,FRENCH PAISLEY CUSHION COVER,FRENCH PAISLEY CUSHION COVER 
17,EDWARDIAN PARASOL BLACK,BOTTLE BAG RETROSPOT ,METAL 4 HOOK HANGER FRENCH CHATEAU,GUMBALL MAGAZINE RACK,BREAD BIN DINER STYLE IVORY,IVORY KITCHEN SCALES,SET OF 3 CAKE TINS PANTRY DESIGN ,RECYCLED ACAPULCO MAT LAVENDER,RECYCLED ACAPULCO MAT TURQUOISE,DOORMAT AIRMAIL ,WOOD BLACK BOARD ANT WHITE FINISH,BLUE OWL SOFT TOY,EMERGENCY FIRST AID TIN ,POSTAGE
18,DOORMAT HOME SWEET HOME BLUE ,SET OF TEA COFFEE SUGAR TINS PANTRY,TEA TIME OVEN GLOVE,PANTRY MAGNETIC  SHOPPING LIST,IVORY KITCHEN SCALES,RED KITCHEN SCALES,PANTRY ROLLING PIN,CERAMIC CAKE BOWL + HANGING CAKES,CANDY SPOT EGG WARMER RABBIT,LARGE WHITE HEART OF WICKER,SMALL WHITE HEART OF WICKER,HEART OF WICKER SMALL,HEART OF WICKER LARGE,MINT KITCHEN SCALES,BLACK KITCHEN SCALES,SET OF 5 PANCAKE DAY MAGNETS,SET OF 4 JAM JAR MAGNETS,MINI CAKE STAND  HANGING STRAWBERY,LARGE CAKE STAND  HANGING STRAWBERY,CERAMIC PLATE STRAWBERRY DESIGN,CERAMIC STRAWBERRY CAKE MONEY BANK,CERAMIC CAKE DESIGN SPOTTED PLATE,CERAMIC CAKE STAND + HANGING CAKES,SET OF 4 FAIRY CAKE PLACEMATS,SET OF 4 ENGLISH ROSE PLACEMATS,RECIPE BOX PANTRY YELLOW DESIGN,SET OF 6 SPICE TINS PANTRY DESIGN,PANTRY 3 HOOK ROLLING PIN HANGER,PANTRY CHOPPING BOARD,JUMBO BAG PINK VINTAGE PAISLEY,JUMBO STORAGE BAG SKULLS,PANTRY WASHING UP BRUSH,FRENCH PAISLEY CUSHION COVER,FRENCH PAISLEY CUSHION COVER ,RED RETROSPOT TISSUE BOX,BLUE PAISLEY TISSUE BOX,PAINTED METAL STAR WITH HOLLY BELLS,CHRISTMAS PUDDING TRINKET POT ,STRAWBERRY CERAMIC TRINKET POT,CERAMIC STRAWBERRY DESIGN MUG,CERAMIC CAKE DESIGN SPOTTED MUG,LARGE HEART MEASURING SPOONS,CERAMIC BOWL WITH STRAWBERRY DESIGN,METAL 4 HOOK HANGER FRENCH CHATEAU,MINI CAKE STAND WITH HANGING CAKES
19,FRENCH PAISLEY CUSHION COVER ,FRENCH PAISLEY CUSHION COVER,SET OF 6 SPICE TINS PANTRY DESIGN,OPEN CLOSED METAL SIGN,FRENCH BLUE METAL DOOR SIGN 8,SINGLE HEART ZINC T-LIGHT HOLDER,ZINC T-LIGHT HOLDER STARS SMALL,HEART OF WICKER SMALL,HOT BATHS METAL SIGN,BATHROOM METAL SIGN,VINTAGE RED TRIM ENAMEL BOWL ,VINTAGE RED ENAMEL TRIM PLATE,FRENCH ENAMEL POT W LID,FRENCH ENAMEL CANDLEHOLDER,NOEL GARLAND PAINTED ZINC ,FOLKART STAR CHRISTMAS DECORATIONS,GREEN GOOSE FEATHER CHRISTMAS TREE ,VINTAGE  2 METRE FOLDING RULER,ZINC WILLIE WINKIE  CANDLE STICK,TRAVEL CARD WALLET KEEP CALM,POSTE FRANCE CUSHION COVER,BELLE JARDINIERE CUSHION COVER,LE JARDIN BOTANIQUE CUSHION COVER,HOME SWEET HOME CUSHION COVER ,BLACK TEA TOWEL CLASSIC DESIGN,LARGE CHINESE STYLE SCISSOR
20,SET OF 4 PANTRY JELLY MOULDS,CERAMIC CAKE BOWL + HANGING CAKES,CERAMIC CAKE DESIGN SPOTTED MUG
21,PHOTO FRAME 3 CLASSIC HANGING,LARGE CAKE STAND  HANGING STRAWBERY,JUMBO BAG PINK VINTAGE PAISLEY
22,SET OF 10 LED DOLLY LIGHTS
23,RECIPE BOX PANTRY YELLOW DESIGN
24,CERAMIC CAKE DESIGN SPOTTED PLATE,PANTRY 3 HOOK ROLLING PIN HANGER,RECIPE BOX PANTRY YELLOW DESIGN
